Name;Url
Allen Nice-Webb;https://youpic.com/photographer/nicewebb/
Horn;https://youpic.com/photographer/Horn/
maryyeo_28;https://youpic.com/photographer/maryyeo_14/
Stan Fellerman;https://youpic.com/photographer/StanFellerman/
GWHMantel;https://youpic.com/photographer/GWHMantel/
kal.talukdar.bos;https://youpic.com/photographer/KalTalukdar/
Igor Shnayder;https://youpic.com/photographer/IgorShnayder/
Werner Boeckelen;https://youpic.com/photographer/WernerBoeckelen/
forrest fotography;https://youpic.com/photographer/forrestfotography/
Stuart McMillan;https://youpic.com/photographer/StuartMcMillan/
Leif Einar Bjelland;https://youpic.com/photographer/LeifEinarBjelland/
tastigr;https://youpic.com/photographer/tastigr/
madchickenwoman;https://youpic.com/photographer/madchickenwoman/
AndreyKels;https://youpic.com/photographer/AndreyKels/
claudioturrin77;https://youpic.com/photographer/claudioturrin77/
micheleromani1975;https://youpic.com/photographer/micheleromani1975/
Peter J Dwight;https://youpic.com/photographer/PeterJD/
Aldo Diaz;https://youpic.com/photographer/AldoDiaz/
wwfax photography;https://youpic.com/photographer/wwfaxphotography/
Ali Kalamchi;https://youpic.com/photographer/AliKalamchi/
John Mark Jennings;https://youpic.com/photographer/johnmj1/
Al (Alexander);https://youpic.com/photographer/AlSanin/
Terry R. Stahly;https://youpic.com/photographer/TerryRStahly/
Anthony Hautcoeur;https://youpic.com/photographer/AnthonyHautcoeur/
juergenfreymann;https://youpic.com/photographer/juergenfreymann/
Szunomann Zoltán;https://youpic.com/photographer/SzunomannZoltn/
Mykhailo Hladchenko;https://youpic.com/photographer/MykhailoHladchenko/
Michael Marquand;https://youpic.com/photographer/MichaelMarquand/
Remy Brändefalk;https://youpic.com/photographer/RemyBrndefalk/
Eva-Mari Thomas;https://youpic.com/photographer/EvaMariThomas/
CruzinCaninesPhotography;https://youpic.com/photographer/CruzinCaninesPhotography/
Rob;https://youpic.com/photographer/robalt/
Agustin Regidor;https://youpic.com/photographer/ARegidor/
Le Baroudeur;https://youpic.com/photographer/jvqphoto/
Imanol Amunain Eyael;https://youpic.com/photographer/imanolamundarainayala/
Evgeny Loza (Makarenko);https://youpic.com/photographer/EvgenyLoza/
James F Keck;https://youpic.com/photographer/JamesFKeck/
Mickael Tannus;https://youpic.com/photographer/micketannus/
denise.bouvier.3;https://youpic.com/photographer/denisebouvier3/
Tom Horonzy;https://youpic.com/photographer/tomhoronzy/
José Joaquín Solís Gómez Santos;https://youpic.com/photographer/JosJoaqunSolsGmezSantos/
Anthony Lamb;https://youpic.com/photographer/Anthony7/
Shane Martyn;https://youpic.com/photographer/ShaneMartyn/
Hervé Samson;https://youpic.com/photographer/hersams/
Olav;https://youpic.com/photographer/Olav/
Joan Phinn;https://youpic.com/photographer/PhinnPhotography/
Madlen Zinkovska;https://youpic.com/photographer/ZinYa/
Brenda Boisvert;https://youpic.com/photographer/brendaboisvert/
Artur Correia;https://youpic.com/photographer/arturcorreia/
Steven Thomas Densley;https://youpic.com/photographer/sdensley137/
timothyduffus;https://youpic.com/photographer/timothyduffus/
Karen Bekker;https://youpic.com/photographer/KarenBekker/
shanetzu;https://youpic.com/photographer/shanetzu/
Photography By Urban Rump;https://youpic.com/photographer/Urban/
Helmut Jeels;https://youpic.com/photographer/jeelsphoto/
Amir Hussain;https://youpic.com/photographer/AmirHussain/
ian;https://youpic.com/photographer/ian6/
Michael Conron;https://youpic.com/photographer/MichaelConron/
Ben Robson Hull;https://youpic.com/photographer/benrobsonhullphotography/
PiettePhotography;https://youpic.com/photographer/PiettePhotography/
JohnnysPics;https://youpic.com/photographer/JohnnysPics/
Joergen Hansen;https://youpic.com/photographer/JoergenHansen/
[hdc.pic];https://youpic.com/photographer/hdc500px/
Scott Webb;https://youpic.com/photographer/ScottWebb/
Blond DK;https://youpic.com/photographer/JDK/
Robert Pool;https://youpic.com/photographer/RobertPool/
roy.vanpeufflik;https://youpic.com/photographer/royvanpeufflik/
Nick Imrie;https://youpic.com/photographer/NickImrie/
Frederic Dusserre;https://youpic.com/photographer/fredericdusserre/
lea.faletti;https://youpic.com/photographer/leafaletti/
Rozh Noel;https://youpic.com/photographer/RozhNoel/
Tony Buckley;https://youpic.com/photographer/banburn/
Annette Francis;https://youpic.com/photographer/AnnetteFrancis/
Stephen Wong;https://youpic.com/photographer/swongau/
Red Sand;https://youpic.com/photographer/redsand/
Sandra Dedrick;https://youpic.com/photographer/SandraDedrick/
portillo45;https://youpic.com/photographer/portillo45/
SteveMumert;https://youpic.com/photographer/SteveMumert/
Douglas Lyle Thompson;https://youpic.com/photographer/DouglasLyleThompson/
Ingo Menhard;https://youpic.com/photographer/ingomenhard/
RPMphotos..;https://youpic.com/photographer/RPMphotos/
MRIPhotography;https://youpic.com/photographer/MRIPhotography/
Robert E Davidson;https://youpic.com/photographer/RobertDavidson/
Ian Farrugia;https://youpic.com/photographer/IanFarrugia/
Mika Leinonen;https://youpic.com/photographer/leinmi/
andré figueiredo;https://youpic.com/photographer/andre11/
Annich;https://youpic.com/photographer/tseitlins/
Ray Binnenbruck;https://youpic.com/photographer/RayBinnenbruck/
NavidQureshi;https://youpic.com/photographer/NavidQureshi/
Simon Barnes Photography;https://youpic.com/photographer/sab1776/
Benjeez... PhocalFrames;https://youpic.com/photographer/BenjeezPhocalFrames/
Shawn456;https://youpic.com/photographer/Shawn456/
James Loudon;https://youpic.com/photographer/JamesLoudon/
FCivit;https://youpic.com/photographer/FCivit/
DavidNorfolk;https://youpic.com/photographer/DavidNorfolk/
Pino Perrotta;https://youpic.com/photographer/PinoPerrotta/
Jo'Ann Huard;https://youpic.com/photographer/JoAnnHuardPhotographie/
Rededia;https://youpic.com/photographer/Rededia/
DrJohnHodgson;https://youpic.com/photographer/DrJohnHodgson/
mickj;https://youpic.com/photographer/mickj/
Ahmed Alibrahim;https://youpic.com/photographer/AhmedAlibrahim/
susanne.m.andersson.92;https://youpic.com/photographer/susannemandersson92/
Anders Pedersen;https://youpic.com/photographer/AndersPedersen/
Shijo Skaria Jose;https://youpic.com/photographer/shijojo22/
Muhammad Aqib Javed;https://youpic.com/photographer/MuhammadAqibJaved/
Erin Lynch;https://youpic.com/photographer/ErinLynch/
SaraEkberg;https://youpic.com/photographer/SaraEkberg/
what_i_c_photos;https://youpic.com/photographer/what_i_c_studio/
Gruca_joe;https://youpic.com/photographer/Gruca_joe/
Bernard.Moerman;https://youpic.com/photographer/Bernardmoerman713gmailcom/
Johanna Tornwall;https://youpic.com/photographer/JohannaTornwall/
Jason Yoon;https://youpic.com/photographer/JasonYoon/
Tay Meng Hooi;https://youpic.com/photographer/TayMengHooi/
Steve Webb;https://youpic.com/photographer/Swebb/
Garry Found;https://youpic.com/photographer/FoundFotoArt/
pieroparisi779;https://youpic.com/photographer/pieroparisi779/
Timothy Lee Miller;https://youpic.com/photographer/TimothyMillerMusic/
marilyncov;https://youpic.com/photographer/marilyncov/
⭐🏴󠁧󠁢󠁳󠁣󠁴󠁿Don Alexander Lumsden🏴󠁧󠁢󠁳󠁣󠁴󠁿⭐;https://youpic.com/photographer/Echoes/
Thomas Ruppel;https://youpic.com/photographer/ThomasRuppel/
annemariealard;https://youpic.com/photographer/annemariealard/
Davidc;https://youpic.com/photographer/Davidc6/
Crystal Pix Photography;https://youpic.com/photographer/CrystalPixEquine/
Annica Josefsson;https://youpic.com/photographer/annica347/
Carol-Lynn Rössel;https://youpic.com/photographer/rossel/
harald.seiwert;https://youpic.com/photographer/haraldseiwert/
franckvrolijk;https://youpic.com/photographer/franckvrolijk/
Ståle Fossheim;https://youpic.com/photographer/StleFossheim/
Mario van Middendorf;https://youpic.com/photographer/MvM/
Taylor Allcock;https://youpic.com/photographer/Taylor1974/
Richard Stephen;https://youpic.com/photographer/RickStephen/
Dream Wolf Photography;https://youpic.com/photographer/Skandrannan/
Brett Jackman;https://youpic.com/photographer/BrettJackman/
Donte Hunter;https://youpic.com/photographer/LightAngles/
Janaka;https://youpic.com/photographer